Genotypes;PLS;POL;SILK;ASI;PASP;HCO;PLHT;EHT;PLHA;RLT;SLT;EHA;EPP;EAS;ERO;YIELD;clust
ABROHEMAA;38,33333333;49,66666667;51,33333333;1,666666667;3,333333333;3;141;59;37,66666667;0,723333333;0;40;1,063333333;4;2,333333333;3146,556387;Cluster2
ACROSS 95;37;48,66666667;51,33333333;2,666666667;2,666666667;2,666666667;139,3333333;58,66666667;33,66666667;0,79;0;28,66666667;0,86;3,333333333;2,333333333;2697,514438;Cluster2
DMR;30,33333333;49,66666667;51,33333333;1,666666667;2,666666667;2,666666667;135;56;25,33333333;1,003333333;0,378232858;21,66666667;0,846666667;2,666666667;2,333333333;2034,10101;Cluster1
EARLY THAI;36,33333333;51,33333333;53,33333333;2;3;3;90;60,33333333;30,66666667;0,62;0,464898318;31;1,003333333;2,666666667;1,666666667;2714,143791;Cluster2
OBATAMPA;31;54;57;3;1,666666667;1,333333333;168;74,33333333;27,66666667;1,213333333;0,269889434;26,66666667;0,97;1,666666667;1;4494,408556;Cluster4
SWAN 1;26,66666667;54;56,33333333;2,333333333;1,666666667;2,333333333;141;61;25,33333333;0;0,184280656;26,33333333;1,013333333;2,666666667;1;3060,607011;Cluster3
SYNTHETIC 9243;28,66666667;54,66666667;57;2,333333333;3;3;128,6666667;51;23;0,22;0,200686664;22,66666667;0,996666667;4;1,666666667;1873,743553;Cluster3
SYNTHETIC C;31;51,33333333;55;3,666666667;3,333333333;3,666666667;125;53,66666667;26,33333333;0,206666667;0,78697071;26;0,993333333;3,666666667;2;2287,070232;Cluster3
TZEE W SENEGAL;33,66666667;50;51,33333333;1,333333333;4;3,333333333;126,6666667;52,33333333;26;0,2;0,200686664;25;0,893333333;4,666666667;2,666666667;1854,091028;Cluster1
TZEE YELLOW;36;48;50,33333333;2,333333333;3,333333333;3,666666667;84,66666667;52,33333333;23;0,406666667;0,847322269;17,33333333;0,743333333;5,333333333;2,333333333;1056,019014;Cluster1
