,,Genetic Correlations,,,Probabilities,
,,,,,,
,Env,Bambey,Nioro,,Bambey,Nioro
BA. Trait: DMI,Bambey,,,,,
,Nioro,0.808328333095879,,,0.400745276544627,
,,,,,,
,Env,Bambey,Nioro,,Bambey,Nioro
BA. Trait: FLO,Bambey,,,,,
,Nioro,0.989566349236013,,,0.0920431767882623,
,,,,,,
,Env,Bambey,Nioro,,Bambey,Nioro
BA. Trait: LEP,Bambey,,,,,
,Nioro,0.9999,,,0.00900323818961724,
,,,,,,
,Env,Bambey,Nioro,,Bambey,Nioro
BA. Trait: CIRC,Bambey,,,,,
,Nioro,0.888015628852761,,,0.304167319882994,
,,,,,,
,Env,Bambey,Nioro,,Bambey,Nioro
BA. Trait: EXERTION,Bambey,,,,,
,Nioro,0.9999,,,0.00900323818961724,
,,,,,,
,Env,Bambey,Nioro,,Bambey,Nioro
BA. Trait: PMG,Bambey,,,,,
,Nioro,0.9999,,,0.00900323818961724,
,,,,,,
,Env,Bambey,Nioro,,Bambey,Nioro
BA. Trait: RDTG,Bambey,,,,,
,Nioro,0.700676925811389,,,0.505762898729449,
,,,,,,
,Env,Bambey,Nioro,,Bambey,Nioro
BA. Trait: RDTE,Bambey,,,,,
,Nioro,0.819481811882653,,,0.388522725239609,
,,,,,,
,Env,Bambey,Nioro,,Bambey,Nioro
BA. Trait: TILLERS,Bambey,,,,,
,Nioro,-0.209497651192699,,,0.86563427828574,
,,,,,,
,Env,Bambey,Nioro,,Bambey,Nioro
BA. Trait: Fe,Bambey,,,,,
,Nioro,0.59300296664388,,,0.595884459150612,
,,,,,,
,Env,Bambey,Nioro,,Bambey,Nioro
BA. Trait: Zn,Bambey,,,,,
,Nioro,NA,,,NA,
,,,,,,
