,,Phenotypic Correlations,,Probabilities
,,,,
,Env,Sinthiou,,Sinthiou
SOC. Trait: DMI,Sinthiou,,,
,,,,
,Env,Sinthiou,,Sinthiou
SOC. Trait: FLO,Sinthiou,,,
,,,,
,Env,Sinthiou,,Sinthiou
SOC. Trait: LEP,Sinthiou,,,
,,,,
,Env,Sinthiou,,Sinthiou
SOC. Trait: CIRC,Sinthiou,,,
,,,,
,Env,Sinthiou,,Sinthiou
SOC. Trait: EXERTION,Sinthiou,,,
,,,,
,Env,Sinthiou,,Sinthiou
SOC. Trait: PMG,Sinthiou,,,
,,,,
,Env,Sinthiou,,Sinthiou
SOC. Trait: RDTG,Sinthiou,,,
,,,,
,Env,Sinthiou,,Sinthiou
SOC. Trait: RDTE,Sinthiou,,,
,,,,
,Env,Sinthiou,,Sinthiou
SOC. Trait: TILLERS,Sinthiou,,,
,,,,
,Env,Sinthiou,,Sinthiou
SOC. Trait: Fe,Sinthiou,,,
,,,,
,Env,Sinthiou,,Sinthiou
SOC. Trait: Zn,Sinthiou,,,
,,,,
