,,Phenotypic Correlations,,,Probabilities,
,,,,,,
,Env,Bambey,Nioro,,Bambey,Nioro
BA. Trait: DMI,Bambey,,,,,
,Nioro,0.225811094961156,,,0.480382002097626,
,,,,,,
,Env,Bambey,Nioro,,Bambey,Nioro
BA. Trait: FLO,Bambey,,,,,
,Nioro,0.9658555761542,,,0.000000345122278311294,
,,,,,,
,Env,Bambey,Nioro,,Bambey,Nioro
BA. Trait: LEP,Bambey,,,,,
,Nioro,0.975317634930449,,,0.0000000692204271679486,
,,,,,,
,Env,Bambey,Nioro,,Bambey,Nioro
BA. Trait: CIRC,Bambey,,,,,
,Nioro,0.595575911501919,,,0.0410199640017979,
,,,,,,
,Env,Bambey,Nioro,,Bambey,Nioro
BA. Trait: EXERTION,Bambey,,,,,
,Nioro,0.833172321788842,,,0.000763579993282359,
,,,,,,
,Env,Bambey,Nioro,,Bambey,Nioro
BA. Trait: PMG,Bambey,,,,,
,Nioro,0.982507283678121,,,0.0000000125265890993376,
,,,,,,
,Env,Bambey,Nioro,,Bambey,Nioro
BA. Trait: RDTG,Bambey,,,,,
,Nioro,0.514812867171868,,,0.0867714869323106,
,,,,,,
,Env,Bambey,Nioro,,Bambey,Nioro
BA. Trait: RDTE,Bambey,,,,,
,Nioro,0.644321998519244,,,0.0237240590914167,
,,,,,,
,Env,Bambey,Nioro,,Bambey,Nioro
BA. Trait: TILLERS,Bambey,,,,,
,Nioro,-0.142681139668171,,,0.658228703005604,
,,,,,,
,Env,Bambey,Nioro,,Bambey,Nioro
BA. Trait: Fe,Bambey,,,,,
,Nioro,0.472657367011196,,,0.120724462703864,
,,,,,,
,Env,Bambey,Nioro,,Bambey,Nioro
BA. Trait: Zn,Bambey,,,,,
,Nioro,0.59223364273355,,,0.042463769318914,
,,,,,,
