,,Phenotypic Correlations,,Probabilities
,,,,
,Env,Séfa,,Séfa
CASAMANCE. Trait: DMI,Séfa,,,
,,,,
,Env,Séfa,,Séfa
CASAMANCE. Trait: FLO,Séfa,,,
,,,,
,Env,Séfa,,Séfa
CASAMANCE. Trait: LEP,Séfa,,,
,,,,
,Env,Séfa,,Séfa
CASAMANCE. Trait: CIRC,Séfa,,,
,,,,
,Env,Séfa,,Séfa
CASAMANCE. Trait: EXERTION,Séfa,,,
,,,,
,Env,Séfa,,Séfa
CASAMANCE. Trait: PMG,Séfa,,,
,,,,
,Env,Séfa,,Séfa
CASAMANCE. Trait: RDTG,Séfa,,,
,,,,
,Env,Séfa,,Séfa
CASAMANCE. Trait: RDTE,Séfa,,,
,,,,
,Env,Séfa,,Séfa
CASAMANCE. Trait: TILLERS,Séfa,,,
,,,,
,Env,Séfa,,Séfa
CASAMANCE. Trait: Fe,Séfa,,,
,,,,
,Env,Séfa,,Séfa
CASAMANCE. Trait: Zn,Séfa,,,
,,,,
