Environment,Statistic,BLUP_DMI,BLUE_DMI,BLUP_FLO,BLUE_FLO,BLUP_HTR,BLUE_HTR,BLUP_LEP,BLUE_LEP,BLUP_CIRC,BLUE_CIRC,BLUP_EXERTION,BLUE_EXERTION,BLUP_PMG,BLUE_PMG,BLUP_RDTG,BLUE_RDTG,BLUP_RDTE,BLUE_RDTE,BLUP_TILLERS,BLUE_TILLERS,BLUP_Fe,BLUE_Fe
OVERALL,Heritability,,,,,,,,,,,,,,,,,,,,,,
OVERALL,Genotype Variance,,,,,,,,,,,,,,,,,,,,,,
OVERALL,GenxLoc Variance,,,,,,,,,,,,,,,,,,,,,,
OVERALL,Residual Variance,,,,,,,,,,,,,,,,,,,,,,
OVERALL,Grand Mean,,,,,,,,,,,,,,,,,,,,,,
OVERALL,LSD,,,,,,,,,,,,,,,,,,,,,,
OVERALL,CV,,,,,,,,,,,,,,,,,,,,,,
OVERALL,n Replicates,,,,,,,,,,,,,,,,,,,,,,
OVERALL,n Environments,,,,,,,,,,,,,,,,,,,,,,
OVERALL,Genotype significance,,,,,,,,,,,,,,,,,,,,,,
OVERALL,GenxEnv significance,,,,,,,,,,,,,,,,,,,,,,
,,,,,,,,,,,,,,,,,,,,,,,
